{"Salas": [{"roomId": "1", "capacity": "30", "resources": ["altavoces"]}, {"roomId": "1", "capacity": "30", "resources": ["altavoces"]}, {"roomId": "2", "capacity": "50", "resources": ["rotuladores", "pizarra"]}, {"roomId": "1", "capacity": "30", "resources": ["altavoces"]}, {"roomId": "1", "capacity": "30", "resources": ["altavoces"]}, {"roomId": "2", "capacity": "50", "resources": ["rotuladores", "pizarra"]}, {"roomId": "1", "capacity": "30", "resources": ["altavoces"]}, {"roomId": "1", "capacity": "30", "resources": ["altavoces"]}, {"roomId": "2", "capacity": "50", "resources": ["rotuladores", "pizarra"]}, {"roomId": "1", "capacity": "30", "resources": ["altavoces"]}, {"roomId": "1", "capacity": "30", "resources": ["altavoces"]}, {"roomId": "2", "capacity": "50", "resources": ["rotuladores", "pizarra"]}], "Reservas": [{"bookingId": 0, "roomId": "1", "DNI": "32092444S", "date": "06/06/2022", "startTime": "18:00", "endTime": "23:00"}, {"bookingId": 0, "roomId": "1", "DNI": "32092444S", "date": "06/06/2022", "startTime": "18:00", "endTime": "23:00"}, {"bookingId": 0, "roomId": "1", "DNI": "32092444S", "date": "06/06/2022", "startTime": "18:00", "endTime": "23:00"}, {"bookingId": 0, "roomId": "1", "DNI": "32092444S", "date": "06/06/2022", "startTime": "18:00", "endTime": "23:00"}], "Usuarios": [{"DNI": "32092444S", "userName": "AlexZape", "password": "Link96"}, {"DNI": "32920711Y", "userName": "Richarte02", "password": "Twitch"}]}